date,nav,holdings_value,cash,kospi,kosdaq,note
2026-09-15,99985029,99792399,192630,6627.26,812.41,개시
2026-09-16,99365281,99172651,192630,6717.97,815.98,
2026-09-17,99317139,99124509,192630,6715.41,822.18,
2026-09-18,100096871,99904241,192630,6894.23,827.12,
2026-09-21,100198478,100005848,192630,7007.72,836.27,
2026-09-22,99865058,99672428,192630,7017.91,834.38,
2026-09-23,99574943,99382313,192630,7080.92,844.48,
2026-09-28,100680176,100487546,192630,6889.74,846.58,
2026-09-29,100153090,99960460,192630,6870.81,849.80,
2026-09-30,99748617,99555987,192630,6838.04,855.91,
2026-10-01,100936582,100743952,192630,6971.35,894.29,
2026-10-02,101415994,101223364,192630,7003.74,893.29,
2026-10-06,101986408,101793778,192630,6941.39,919.92,
2026-10-07,101435271,101242641,192630,6803.90,898.43,
